<KicadtoNgspice><source /><model /><devicemodel><m7><field>C:\FOSSEE\eSim\library\deviceModelLibrary\MOS\NMOS-180nm.lib</field><field>0.8u</field><field>0.18u</field><field>4.44</field></m7><m10><field>C:\FOSSEE\eSim\library\deviceModelLibrary\MOS\PMOS-180nm.lib</field><field>1.6u</field><field>0.18u</field><field>8.89</field></m10><m9><field>C:\FOSSEE\eSim\library\deviceModelLibrary\MOS\PMOS-180nm.lib</field><field>1.6u</field><field>0.18u</field><field>8.89</field></m9><m8><field>C:\FOSSEE\eSim\library\deviceModelLibrary\MOS\NMOS-180nm.lib</field><field>0.8u</field><field>0.18u</field><field>4.44</field></m8><m5><field>C:\FOSSEE\eSim\library\deviceModelLibrary\MOS\NMOS-180nm.lib</field><field>0.8u</field><field>0.18u</field><field>4.44</field></m5><m6><field>C:\FOSSEE\eSim\library\deviceModelLibrary\MOS\PMOS-180nm.lib</field><field>1.6u</field><field>0.18u</field><field>8.89</field></m6><m3><field>C:\FOSSEE\eSim\library\deviceModelLibrary\MOS\PMOS-180nm.lib</field><field>1.6u</field><field>0.18u</field><field>8.89</field></m3><m2><field>C:\FOSSEE\eSim\library\deviceModelLibrary\MOS\PMOS-180nm.lib</field><field>1.6u</field><field>0.18u</field><field>8.89</field></m2><m1><field>C:\FOSSEE\eSim\library\deviceModelLibrary\MOS\NMOS-180nm.lib</field><field>0.8u</field><field>0.18u</field><field>4.44</field></m1><m4><field>C:\FOSSEE\eSim\library\deviceModelLibrary\MOS\NMOS-180nm.lib</field><field>0.8u</field><field>0.18u</field><field>4.44</field></m4><m139><field>C:\FOSSEE\eSim\library\deviceModelLibrary\MOS\NMOS-180nm.lib</field><field>0.8u</field><field>0.18u</field><field>4.44</field></m139><m142><field>C:\FOSSEE\eSim\library\deviceModelLibrary\MOS\PMOS-180nm.lib</field><field>1.6u</field><field>0.18u</field><field>8.89</field></m142><m141><field>C:\FOSSEE\eSim\library\deviceModelLibrary\MOS\PMOS-180nm.lib</field><field>1.6u</field><field>0.18u</field><field>8.89</field></m141><m140><field>C:\FOSSEE\eSim\library\deviceModelLibrary\MOS\NMOS-180nm.lib</field><field>0.8u</field><field>0.18u</field><field>4.44</field></m140><m133><field>C:\FOSSEE\eSim\library\deviceModelLibrary\MOS\NMOS-180nm.lib</field><field>0.8u</field><field>0.18u</field><field>4.44</field></m133><m134><field>C:\FOSSEE\eSim\library\deviceModelLibrary\MOS\PMOS-180nm.lib</field><field>1.6u</field><field>0.18u</field><field>8.89</field></m134><m123><field>C:\FOSSEE\eSim\library\deviceModelLibrary\MOS\PMOS-180nm.lib</field><field>1.6u</field><field>0.18u</field><field>8.89</field></m123><m122><field>C:\FOSSEE\eSim\library\deviceModelLibrary\MOS\PMOS-180nm.lib</field><field>1.6u</field><field>0.18u</field><field>8.89</field></m122><m121><field>C:\FOSSEE\eSim\library\deviceModelLibrary\MOS\NMOS-180nm.lib</field><field>0.8u</field><field>0.18u</field><field>4.44</field></m121><m130><field>C:\FOSSEE\eSim\library\deviceModelLibrary\MOS\NMOS-180nm.lib</field><field>0.8u</field><field>0.18u</field><field>4.44</field></m130><m113><field>C:\FOSSEE\eSim\library\deviceModelLibrary\MOS\NMOS-180nm.lib</field><field>0.8u</field><field>0.18u</field><field>4.44</field></m113><m116><field>C:\FOSSEE\eSim\library\deviceModelLibrary\MOS\PMOS-180nm.lib</field><field>1.6u</field><field>0.18u</field><field>8.89</field></m116><m115><field>C:\FOSSEE\eSim\library\deviceModelLibrary\MOS\PMOS-180nm.lib</field><field>1.6u</field><field>0.18u</field><field>8.89</field></m115><m114><field>C:\FOSSEE\eSim\library\deviceModelLibrary\MOS\NMOS-180nm.lib</field><field>0.8u</field><field>0.18u</field><field>4.44</field></m114><m109><field>C:\FOSSEE\eSim\library\deviceModelLibrary\MOS\NMOS-180nm.lib</field><field>0.8u</field><field>0.18u</field><field>4.44</field></m109><m110><field>C:\FOSSEE\eSim\library\deviceModelLibrary\MOS\PMOS-180nm.lib</field><field>1.6u</field><field>0.18u</field><field>8.89</field></m110><m103><field>C:\FOSSEE\eSim\library\deviceModelLibrary\MOS\PMOS-180nm.lib</field><field>1.6u</field><field>0.18u</field><field>8.89</field></m103><m102><field>C:\FOSSEE\eSim\library\deviceModelLibrary\MOS\PMOS-180nm.lib</field><field>1.6u</field><field>0.18u</field><field>8.89</field></m102><m101><field>C:\FOSSEE\eSim\library\deviceModelLibrary\MOS\NMOS-180nm.lib</field><field>0.8u</field><field>0.18u</field><field>4.44</field></m101><m107><field>C:\FOSSEE\eSim\library\deviceModelLibrary\MOS\NMOS-180nm.lib</field><field>0.8u</field><field>0.18u</field><field>4.44</field></m107><m143><field>C:\FOSSEE\eSim\library\deviceModelLibrary\MOS\NMOS-180nm.lib</field><field>0.8u</field><field>0.18u</field><field>4.44</field></m143><m146><field>C:\FOSSEE\eSim\library\deviceModelLibrary\MOS\PMOS-180nm.lib</field><field>1.6u</field><field>0.18u</field><field>8.89</field></m146><m145><field>C:\FOSSEE\eSim\library\deviceModelLibrary\MOS\PMOS-180nm.lib</field><field>1.6u</field><field>0.18u</field><field>8.89</field></m145><m144><field>C:\FOSSEE\eSim\library\deviceModelLibrary\MOS\NMOS-180nm.lib</field><field>0.8u</field><field>0.18u</field><field>4.44</field></m144><m135><field>C:\FOSSEE\eSim\library\deviceModelLibrary\MOS\NMOS-180nm.lib</field><field>0.8u</field><field>0.18u</field><field>4.44</field></m135><m136><field>C:\FOSSEE\eSim\library\deviceModelLibrary\MOS\PMOS-180nm.lib</field><field>1.6u</field><field>0.18u</field><field>8.89</field></m136><m126><field>C:\FOSSEE\eSim\library\deviceModelLibrary\MOS\PMOS-180nm.lib</field><field>1.6u</field><field>0.18u</field><field>8.89</field></m126><m125><field>C:\FOSSEE\eSim\library\deviceModelLibrary\MOS\PMOS-180nm.lib</field><field>1.6u</field><field>0.18u</field><field>8.89</field></m125><m124><field>C:\FOSSEE\eSim\library\deviceModelLibrary\MOS\NMOS-180nm.lib</field><field>0.8u</field><field>0.18u</field><field>4.44</field></m124><m131><field>C:\FOSSEE\eSim\library\deviceModelLibrary\MOS\NMOS-180nm.lib</field><field>0.8u</field><field>0.18u</field><field>4.44</field></m131><m117><field>C:\FOSSEE\eSim\library\deviceModelLibrary\MOS\NMOS-180nm.lib</field><field>0.8u</field><field>0.18u</field><field>4.44</field></m117><m120><field>C:\FOSSEE\eSim\library\deviceModelLibrary\MOS\PMOS-180nm.lib</field><field>1.6u</field><field>0.18u</field><field>8.89</field></m120><m119><field>C:\FOSSEE\eSim\library\deviceModelLibrary\MOS\PMOS-180nm.lib</field><field>1.6u</field><field>0.18u</field><field>8.89</field></m119><m118><field>C:\FOSSEE\eSim\library\deviceModelLibrary\MOS\NMOS-180nm.lib</field><field>0.8u</field><field>0.18u</field><field>4.44</field></m118><m111><field>C:\FOSSEE\eSim\library\deviceModelLibrary\MOS\NMOS-180nm.lib</field><field>0.8u</field><field>0.18u</field><field>4.44</field></m111><m112><field>C:\FOSSEE\eSim\library\deviceModelLibrary\MOS\PMOS-180nm.lib</field><field>1.6u</field><field>0.18u</field><field>8.89</field></m112><m106><field>C:\FOSSEE\eSim\library\deviceModelLibrary\MOS\PMOS-180nm.lib</field><field>1.6u</field><field>0.18u</field><field>8.89</field></m106><m105><field>C:\FOSSEE\eSim\library\deviceModelLibrary\MOS\PMOS-180nm.lib</field><field>1.6u</field><field>0.18u</field><field>8.89</field></m105><m104><field>C:\FOSSEE\eSim\library\deviceModelLibrary\MOS\NMOS-180nm.lib</field><field>0.8u</field><field>0.18u</field><field>4.44</field></m104><m108><field>C:\FOSSEE\eSim\library\deviceModelLibrary\MOS\NMOS-180nm.lib</field><field>0.8u</field><field>0.18u</field><field>4.44</field></m108><m147><field>C:\FOSSEE\eSim\library\deviceModelLibrary\MOS\NMOS-180nm.lib</field><field>0.8u</field><field>0.18u</field><field>4.44</field></m147><m150><field>C:\FOSSEE\eSim\library\deviceModelLibrary\MOS\PMOS-180nm.lib</field><field>1.6u</field><field>0.18u</field><field>8.89</field></m150><m149><field>C:\FOSSEE\eSim\library\deviceModelLibrary\MOS\PMOS-180nm.lib</field><field>1.6u</field><field>0.18u</field><field>8.89</field></m149><m148><field>C:\FOSSEE\eSim\library\deviceModelLibrary\MOS\NMOS-180nm.lib</field><field>0.8u</field><field>0.18u</field><field>4.44</field></m148><m137><field>C:\FOSSEE\eSim\library\deviceModelLibrary\MOS\NMOS-180nm.lib</field><field>0.8u</field><field>0.18u</field><field>4.44</field></m137><m138><field>C:\FOSSEE\eSim\library\deviceModelLibrary\MOS\PMOS-180nm.lib</field><field>1.6u</field><field>0.18u</field><field>8.89</field></m138><m129><field>C:\FOSSEE\eSim\library\deviceModelLibrary\MOS\PMOS-180nm.lib</field><field>1.6u</field><field>0.18u</field><field>8.89</field></m129><m128><field>C:\FOSSEE\eSim\library\deviceModelLibrary\MOS\PMOS-180nm.lib</field><field>1.6u</field><field>0.18u</field><field>8.89</field></m128><m127><field>C:\FOSSEE\eSim\library\deviceModelLibrary\MOS\NMOS-180nm.lib</field><field>0.8u</field><field>0.18u</field><field>4.44</field></m127><m132><field>C:\FOSSEE\eSim\library\deviceModelLibrary\MOS\NMOS-180nm.lib</field><field>0.8u</field><field>0.18u</field><field>4.44</field></m132></devicemodel><subcircuit><x101><field>C:\FOSSEE\eSim\library\SubcircuitLibrary\INVCMOS</field></x101><x104><field>C:\FOSSEE\eSim\library\SubcircuitLibrary\INVCMOS</field></x104><x102><field>C:\FOSSEE\eSim\library\SubcircuitLibrary\INVCMOS</field></x102><x105><field>C:\FOSSEE\eSim\library\SubcircuitLibrary\INVCMOS</field></x105><x103><field>C:\FOSSEE\eSim\library\SubcircuitLibrary\INVCMOS</field></x103><x106><field>C:\FOSSEE\eSim\library\SubcircuitLibrary\INVCMOS</field></x106></subcircuit><analysis><ac><field1 name="Lin">true</field1><field2 name="Dec">false</field2><field3 name="Oct">false</field3><field4 name="Start Frequency" /><field5 name="Stop Frequency" /><field6 name="No. of points" /><field7 name="Start Fre Combo">Hz</field7><field8 name="Stop Fre Combo">Hz</field8></ac><dc><field1 name="Source 1" /><field2 name="Start" /><field3 name="Increment" /><field4 name="Stop" /><field5 name="Operating Point">0</field5><field6 name="Start Combo">Volts or Amperes</field6><field7 name="Increment Combo">Volts or Amperes</field7><field8 name="Stop Combo">Volts or Amperes</field8><field9 name="Source 2" /><field10 name="Start" /><field11 name="Increment" /><field12 name="Stop" /><field13 name="Start Combo">Volts or Amperes</field13><field14 name="Increment Combo">Volts or Amperes</field14><field15 name="Stop Combo">Volts or Amperes</field15></dc><tran><field1 name="Start Time" /><field2 name="Step Time" /><field3 name="Stop Time" /><field4 name="Start Combo">sec</field4><field5 name="Step Combo">sec</field5><field6 name="Stop Combo">sec</field6></tran></analysis></KicadtoNgspice>