<KicadtoNgspice><source /><model /><devicemodel><m1><field>/home/kamalesh/Downloads/eSim-2.3/library/deviceModelLibrary/MOS/NMOS-180nm.lib</field><field>0.8u</field><field>0.18u</field><field>4.44</field></m1><m2><field>/home/kamalesh/Downloads/eSim-2.3/library/deviceModelLibrary/MOS/PMOS-180nm.lib</field><field>1.6u</field><field>0.18u</field><field>8.89</field></m2><m3><field>/home/kamalesh/Downloads/eSim-2.3/library/deviceModelLibrary/MOS/NMOS-180nm.lib</field><field>0.8u</field><field>0.18u</field><field>4.44</field></m3><m4><field>/home/kamalesh/Downloads/eSim-2.3/library/deviceModelLibrary/MOS/PMOS-180nm.lib</field><field>1.6u</field><field>0.18u</field><field>8.89</field></m4><m5><field>/home/kamalesh/Downloads/eSim-2.3/library/deviceModelLibrary/MOS/NMOS-180nm.lib</field><field>0.8u</field><field>0.18u</field><field>4.44</field></m5><m6><field>/home/kamalesh/Downloads/eSim-2.3/library/deviceModelLibrary/MOS/PMOS-180nm.lib</field><field>1.6u</field><field>0.18u</field><field>8.89</field></m6><m7><field>/home/kamalesh/Downloads/eSim-2.3/library/deviceModelLibrary/MOS/NMOS-180nm.lib</field><field>0.8u</field><field>0.18u</field><field>4.44</field></m7><m8><field>/home/kamalesh/Downloads/eSim-2.3/library/deviceModelLibrary/MOS/PMOS-180nm.lib</field><field>1.6u</field><field>0.8u</field><field>8.89</field></m8></devicemodel><subcircuit /><analysis><ac><field1 name="Lin">true</field1><field2 name="Dec">false</field2><field3 name="Oct">false</field3><field4 name="Start Frequency" /><field5 name="Stop Frequency" /><field6 name="No. of points" /><field7 name="Start Fre Combo">Hz</field7><field8 name="Stop Fre Combo">Hz</field8></ac><dc><field1 name="Source 1" /><field2 name="Start" /><field3 name="Increment" /><field4 name="Stop" /><field5 name="Operating Point">0</field5><field6 name="Start Combo">Volts or Amperes</field6><field7 name="Increment Combo">Volts or Amperes</field7><field8 name="Stop Combo">Volts or Amperes</field8><field9 name="Source 2" /><field10 name="Start" /><field11 name="Increment" /><field12 name="Stop" /><field13 name="Start Combo">Volts or Amperes</field13><field14 name="Increment Combo">Volts or Amperes</field14><field15 name="Stop Combo">Volts or Amperes</field15></dc><tran><field1 name="Start Time" /><field2 name="Step Time" /><field3 name="Stop Time" /><field4 name="Start Combo">sec</field4><field5 name="Step Combo">sec</field5><field6 name="Stop Combo">sec</field6></tran></analysis></KicadtoNgspice>