<KicadtoNgspice><analysis><ac><field1 name="Lin">true</field1><field2 name="Dec">false</field2><field3 name="Oct">false</field3><field4 name="Start Frequency" /><field5 name="Stop Frequency" /><field6 name="No. of points" /><field7 name="Start Fre Combo">Hz</field7><field8 name="Stop Fre Combo">Hz</field8></ac><dc><field1 name="Source 1" /><field2 name="Start" /><field3 name="Increment" /><field4 name="Stop" /><field5 name="Operating Point">0</field5><field6 name="Start Combo">Volts or Amperes</field6><field7 name="Increment Combo">Volts or Amperes</field7><field8 name="Stop Combo">Volts or Amperes</field8><field9 name="Source 2" /><field10 name="Start" /><field11 name="Increment" /><field12 name="Stop" /><field13 name="Start Combo">Volts or Amperes</field13><field14 name="Increment Combo">Volts or Amperes</field14><field15 name="Stop Combo">Volts or Amperes</field15></dc><tran><field1 name="Start Time" /><field2 name="Step Time" /><field3 name="Stop Time" /><field4 name="Start Combo">sec</field4><field5 name="Step Combo">sec</field5><field6 name="Stop Combo">sec</field6></tran></analysis><source /><model><u1 name="type">d_inverter<field1 name="Enter Rise Delay (default=1.0e-9)" /><field2 name="Enter Fall Delay (default=1.0e-9)" /><field3 name="Enter Input Load (default=1.0e-12)" /></u1><u2 name="type">d_inverter<field4 name="Enter Rise Delay (default=1.0e-9)" /><field5 name="Enter Fall Delay (default=1.0e-9)" /><field6 name="Enter Input Load (default=1.0e-12)" /></u2><u9 name="type">d_and<field7 name="Enter Rise Delay (default=1.0e-9)" /><field8 name="Enter Fall Delay (default=1.0e-9)" /><field9 name="Enter Input Load (default=1.0e-12)" /></u9><u10 name="type">d_and<field10 name="Enter Rise Delay (default=1.0e-9)" /><field11 name="Enter Fall Delay (default=1.0e-9)" /><field12 name="Enter Input Load (default=1.0e-12)" /></u10><u17 name="type">d_or<field13 name="Enter Rise Delay (default=1.0e-9)" /><field14 name="Enter Fall Delay (default=1.0e-9)" /><field15 name="Enter Input Load (default=1.0e-12)" /></u17><u21 name="type">d_inverter<field16 name="Enter Rise Delay (default=1.0e-9)" /><field17 name="Enter Fall Delay (default=1.0e-9)" /><field18 name="Enter Input Load (default=1.0e-12)" /></u21><u3 name="type">d_inverter<field19 name="Enter Rise Delay (default=1.0e-9)" /><field20 name="Enter Fall Delay (default=1.0e-9)" /><field21 name="Enter Input Load (default=1.0e-12)" /></u3><u4 name="type">d_inverter<field22 name="Enter Rise Delay (default=1.0e-9)" /><field23 name="Enter Fall Delay (default=1.0e-9)" /><field24 name="Enter Input Load (default=1.0e-12)" /></u4><u11 name="type">d_and<field25 name="Enter Rise Delay (default=1.0e-9)" /><field26 name="Enter Fall Delay (default=1.0e-9)" /><field27 name="Enter Input Load (default=1.0e-12)" /></u11><u12 name="type">d_and<field28 name="Enter Rise Delay (default=1.0e-9)" /><field29 name="Enter Fall Delay (default=1.0e-9)" /><field30 name="Enter Input Load (default=1.0e-12)" /></u12><u18 name="type">d_or<field31 name="Enter Rise Delay (default=1.0e-9)" /><field32 name="Enter Fall Delay (default=1.0e-9)" /><field33 name="Enter Input Load (default=1.0e-12)" /></u18><u22 name="type">d_inverter<field34 name="Enter Rise Delay (default=1.0e-9)" /><field35 name="Enter Fall Delay (default=1.0e-9)" /><field36 name="Enter Input Load (default=1.0e-12)" /></u22><u5 name="type">d_inverter<field37 name="Enter Rise Delay (default=1.0e-9)" /><field38 name="Enter Fall Delay (default=1.0e-9)" /><field39 name="Enter Input Load (default=1.0e-12)" /></u5><u6 name="type">d_inverter<field40 name="Enter Rise Delay (default=1.0e-9)" /><field41 name="Enter Fall Delay (default=1.0e-9)" /><field42 name="Enter Input Load (default=1.0e-12)" /></u6><u13 name="type">d_and<field43 name="Enter Rise Delay (default=1.0e-9)" /><field44 name="Enter Fall Delay (default=1.0e-9)" /><field45 name="Enter Input Load (default=1.0e-12)" /></u13><u14 name="type">d_and<field46 name="Enter Rise Delay (default=1.0e-9)" /><field47 name="Enter Fall Delay (default=1.0e-9)" /><field48 name="Enter Input Load (default=1.0e-12)" /></u14><u19 name="type">d_or<field49 name="Enter Rise Delay (default=1.0e-9)" /><field50 name="Enter Fall Delay (default=1.0e-9)" /><field51 name="Enter Input Load (default=1.0e-12)" /></u19><u23 name="type">d_inverter<field52 name="Enter Rise Delay (default=1.0e-9)" /><field53 name="Enter Fall Delay (default=1.0e-9)" /><field54 name="Enter Input Load (default=1.0e-12)" /></u23><u7 name="type">d_inverter<field55 name="Enter Rise Delay (default=1.0e-9)" /><field56 name="Enter Fall Delay (default=1.0e-9)" /><field57 name="Enter Input Load (default=1.0e-12)" /></u7><u8 name="type">d_inverter<field58 name="Enter Rise Delay (default=1.0e-9)" /><field59 name="Enter Fall Delay (default=1.0e-9)" /><field60 name="Enter Input Load (default=1.0e-12)" /></u8><u15 name="type">d_and<field61 name="Enter Rise Delay (default=1.0e-9)" /><field62 name="Enter Fall Delay (default=1.0e-9)" /><field63 name="Enter Input Load (default=1.0e-12)" /></u15><u16 name="type">d_and<field64 name="Enter Rise Delay (default=1.0e-9)" /><field65 name="Enter Fall Delay (default=1.0e-9)" /><field66 name="Enter Input Load (default=1.0e-12)" /></u16><u20 name="type">d_or<field67 name="Enter Rise Delay (default=1.0e-9)" /><field68 name="Enter Fall Delay (default=1.0e-9)" /><field69 name="Enter Input Load (default=1.0e-12)" /></u20><u24 name="type">d_inverter<field70 name="Enter Rise Delay (default=1.0e-9)" /><field71 name="Enter Fall Delay (default=1.0e-9)" /><field72 name="Enter Input Load (default=1.0e-12)" /></u24></model><devicemodel /><subcircuit /></KicadtoNgspice>